id,dbms,indexed,batch_size,experiment_size,preload_size,run_time,git_hash,rows_per_second,ms_per_transaction,timestamp
1153,mongodb,0,2,100000,1000000,28.39,a81d770,3522.37,0.57,2022-03-24 07:59:15
1154,mongodb,0,1000,100000,1000000,0.97,a81d770,103092.78,9.7,2022-03-24 07:59:26
1155,mongodb,0,500,100000,1000000,1.21,a81d770,82644.63,6.05,2022-03-24 07:59:37
1156,postgres,1,5,100000,1000000,88.65,a81d770,1128.03,4.43,2022-03-24 08:02:40
1157,postgres,1,10,100000,1000000,45.88,a81d770,2179.6,4.59,2022-03-24 08:05:02
1158,mongodb,1,200,100000,1000000,2.8,a81d770,35714.29,5.6,2022-03-24 08:05:24
1159,mysql,1,10,100000,1000000,179.94,a81d770,555.74,17.99,2022-03-24 08:08:43
1160,postgres,1,500,100000,1000000,9.56,a81d770,10460.25,47.8,2022-03-24 08:10:28
1161,mysql,0,5,100000,1000000,340.06,a81d770,294.07,17.0,2022-03-24 08:16:13
1162,mysql,0,500,100000,1000000,8.14,a81d770,12285.01,40.7,2022-03-24 08:16:25
1163,mysql,1,300,100000,1000000,22.58,a81d770,4428.7,67.81,2022-03-24 08:17:08
1164,postgres,0,100,100000,1000000,8.8,a81d770,11363.64,8.8,2022-03-24 08:18:32
1165,postgres,1,1500,100000,1000000,9.58,a81d770,10438.41,145.15,2022-03-24 08:20:18
1166,mysql,0,1500,100000,1000000,4.22,a81d770,23696.68,63.94,2022-03-24 08:20:27
1167,postgres,0,300,100000,1000000,7.41,a81d770,13495.28,22.25,2022-03-24 08:21:49
1168,mongodb,0,5,100000,1000000,12.21,a81d770,8190.01,0.61,2022-03-24 08:22:11
1169,mysql,0,50,100000,1000000,125.17,a81d770,798.91,62.59,2022-03-24 08:24:21
1170,mongodb,1,10,100000,1000000,7.49,a81d770,13351.13,0.75,2022-03-24 08:24:48
1171,postgres,0,25,100000,1000000,200.16,a81d770,499.6,50.04,2022-03-24 08:29:23
1172,mongodb,1,25,100000,1000000,4.49,a81d770,22271.71,1.12,2022-03-24 08:29:48
1173,mysql,1,500,100000,1000000,21.67,a81d770,4614.67,108.35,2022-03-24 08:30:29
1174,postgres,1,25,100000,1000000,200.55,a81d770,498.63,50.14,2022-03-24 08:35:27
1175,postgres,0,2,100000,1000000,212.18,a81d770,471.3,4.24,2022-03-24 08:40:13
1176,mongodb,1,100,100000,1000000,2.82,a81d770,35460.99,2.82,2022-03-24 08:40:37
1177,mongodb,1,1500,100000,1000000,2.25,a81d770,44444.44,34.09,2022-03-24 08:40:59
1178,mysql,1,200,100000,1000000,25.05,a81d770,3992.02,50.1,2022-03-24 08:41:44
1179,mongodb,0,25,100000,1000000,3.3,a81d770,30303.03,0.83,2022-03-24 08:41:57
1180,mysql,1,2,100000,1000000,813.65,a81d770,122.9,16.27,2022-03-24 08:55:50
1181,mysql,1,100,100000,1000000,29.07,a81d770,3439.97,29.07,2022-03-24 08:56:39
1182,postgres,0,1500,100000,1000000,7.44,a81d770,13440.86,112.73,2022-03-24 08:58:01
1183,mysql,1,5,100000,1000000,362.36,a81d770,275.97,18.12,2022-03-24 09:04:22
1184,postgres,1,50,100000,1000000,15.03,a81d770,6653.36,7.52,2022-03-24 09:06:14
1185,postgres,1,1000,100000,1000000,9.66,a81d770,10351.97,96.6,2022-03-24 09:07:59
1186,postgres,0,500,100000,1000000,7.41,a81d770,13495.28,37.05,2022-03-24 09:09:19
1187,mysql,1,50,100000,1000000,127.43,a81d770,784.74,63.72,2022-03-24 09:11:46
1188,postgres,0,200,100000,1000000,7.79,a81d770,12836.97,15.58,2022-03-24 09:13:08
1189,postgres,0,50,100000,1000000,13.88,a81d770,7204.61,6.94,2022-03-24 09:14:36
1190,postgres,1,2,100000,1000000,211.43,a81d770,472.97,4.23,2022-03-24 09:19:42
1191,mongodb,1,5,100000,1000000,12.84,a81d770,7788.16,0.64,2022-03-24 09:20:14
1192,mongodb,1,50,100000,1000000,3.43,a81d770,29154.52,1.72,2022-03-24 09:20:36
1193,postgres,1,200,100000,1000000,10.97,a81d770,9115.77,21.94,2022-03-24 09:22:22
1194,mongodb,0,200,100000,1000000,1.3,a81d770,76923.08,2.6,2022-03-24 09:22:33
1195,mongodb,1,300,100000,1000000,2.66,a81d770,37593.98,7.99,2022-03-24 09:22:56
1196,mysql,1,1500,100000,1000000,19.7,a81d770,5076.14,298.48,2022-03-24 09:23:34
1197,mysql,0,25,100000,1000000,79.23,a81d770,1262.15,19.81,2022-03-24 09:24:58
1198,mysql,0,200,100000,1000000,16.35,a81d770,6116.21,32.7,2022-03-24 09:25:20
1199,mongodb,0,50,100000,1000000,2.17,a81d770,46082.95,1.09,2022-03-24 09:25:32
1200,postgres,1,300,100000,1000000,9.68,a81d770,10330.58,29.07,2022-03-24 09:27:18
1201,mysql,0,300,100000,1000000,9.92,a81d770,10080.65,29.79,2022-03-24 09:27:32
1202,mysql,0,1000,100000,1000000,5.31,a81d770,18832.39,53.1,2022-03-24 09:27:42
1203,mysql,1,25,100000,1000000,86.45,a81d770,1156.74,21.61,2022-03-24 09:29:28
1204,postgres,0,1000,100000,1000000,7.38,a81d770,13550.14,73.8,2022-03-24 09:30:51
1205,mysql,0,10,100000,1000000,185.07,a81d770,540.34,18.51,2022-03-24 09:34:01
1206,postgres,0,2000,100000,1000000,7.5,a81d770,13333.33,150.0,2022-03-24 09:35:23
1207,postgres,1,100,100000,1000000,11.21,a81d770,8920.61,11.21,2022-03-24 09:37:11
1208,postgres,0,5,100000,1000000,85.7,a81d770,1166.86,4.29,2022-03-24 09:39:51
1209,postgres,0,10,100000,1000000,44.56,a81d770,2244.17,4.46,2022-03-24 09:41:49
1210,mongodb,1,1000,100000,1000000,2.11,a81d770,47393.36,21.1,2022-03-24 09:42:11
1211,mysql,0,2,100000,1000000,748.62,a81d770,133.58,14.97,2022-03-24 09:54:45
1212,postgres,1,2000,100000,1000000,9.58,a81d770,10438.41,191.6,2022-03-24 09:56:30
1213,mysql,1,1000,100000,1000000,19.79,a81d770,5053.06,197.9,2022-03-24 09:57:08
1214,mongodb,0,1500,100000,1000000,1.1,a81d770,90909.09,16.67,2022-03-24 09:57:20
1215,mongodb,0,10,100000,1000000,6.4,a81d770,15625.0,0.64,2022-03-24 09:57:36
1216,mysql,1,2000,100000,1000000,19.69,a81d770,5078.72,393.8,2022-03-24 09:58:14
1217,mongodb,1,2,100000,1000000,28.29,a81d770,3534.82,0.57,2022-03-24 09:59:02
1218,mongodb,0,300,100000,1000000,1.5,a81d770,66666.67,4.5,2022-03-24 09:59:14
1219,mongodb,1,500,100000,1000000,2.29,a81d770,43668.12,11.45,2022-03-24 09:59:36
1220,mysql,0,100,100000,1000000,24.11,a81d770,4147.66,24.11,2022-03-24 10:00:05
1221,mysql,0,2000,100000,1000000,3.59,a81d770,27855.15,71.8,2022-03-24 10:00:13
1222,mongodb,0,100,100000,1000000,1.6,a81d770,62500.0,1.6,2022-03-24 10:00:24
1223,mongodb,1,2000,100000,1000000,1.79,a81d770,55865.92,35.8,2022-03-24 10:00:46
1224,mongodb,0,2000,100000,1000000,1.1,a81d770,90909.09,22.0,2022-03-24 10:00:57
1225,mysql,1,200,100000,1000000,25.83,a81d770,3871.47,51.66,2022-03-24 10:01:48
1226,mysql,0,500,100000,1000000,8.24,a81d770,12135.92,41.2,2022-03-24 10:02:01
1227,postgres,0,50,100000,1000000,13.63,a81d770,7336.76,6.82,2022-03-24 10:03:28
1228,mongodb,1,10,100000,1000000,7.77,a81d770,12870.01,0.78,2022-03-24 10:03:57
1229,mongodb,0,25,100000,1000000,3.17,a81d770,31545.74,0.79,2022-03-24 10:04:10
1230,mysql,0,1500,100000,1000000,4.06,a81d770,24630.54,61.52,2022-03-24 10:04:19
1231,postgres,1,2000,100000,1000000,9.47,a81d770,10559.66,189.4,2022-03-24 10:06:04
1232,mongodb,1,5,100000,1000000,12.52,a81d770,7987.22,0.63,2022-03-24 10:06:37
1233,postgres,1,5,100000,1000000,87.29,a81d770,1145.61,4.36,2022-03-24 10:09:39
1234,postgres,0,5,100000,1000000,85.97,a81d770,1163.2,4.3,2022-03-24 10:12:18
1235,mongodb,0,2,100000,1000000,27.47,a81d770,3640.33,0.55,2022-03-24 10:12:55
1236,mongodb,0,5,100000,1000000,11.55,a81d770,8658.01,0.58,2022-03-24 10:13:17
1237,postgres,1,200,100000,1000000,10.29,a81d770,9718.17,20.58,2022-03-24 10:15:01
1238,postgres,1,10,100000,1000000,45.22,a81d770,2211.41,4.52,2022-03-24 10:17:21
1239,mysql,0,100,100000,1000000,22.98,a81d770,4351.61,22.98,2022-03-24 10:17:48
1240,mysql,0,2000,100000,1000000,3.59,a81d770,27855.15,71.8,2022-03-24 10:17:57
1241,postgres,0,1500,100000,1000000,7.36,a81d770,13586.96,111.52,2022-03-24 10:19:17
1242,postgres,0,2,100000,1000000,209.76,a81d770,476.74,4.2,2022-03-24 10:24:00
1243,mysql,1,10,100000,1000000,187.07,a81d770,534.56,18.71,2022-03-24 10:27:26
1244,mongodb,0,100,100000,1000000,1.46,a81d770,68493.15,1.46,2022-03-24 10:27:38
1245,postgres,0,10,100000,1000000,43.54,a81d770,2296.74,4.35,2022-03-24 10:29:34
1246,postgres,0,500,100000,1000000,7.4,a81d770,13513.51,37.0,2022-03-24 10:30:56
1247,mysql,0,50,100000,1000000,123.07,a81d770,812.55,61.54,2022-03-24 10:33:04
1248,postgres,1,2,100000,1000000,210.62,a81d770,474.79,4.21,2022-03-24 10:38:09
1249,mongodb,1,200,100000,1000000,2.83,a81d770,35335.69,5.66,2022-03-24 10:38:31
1250,mysql,0,300,100000,1000000,9.71,a81d770,10298.66,29.16,2022-03-24 10:38:46
1251,mongodb,0,1500,100000,1000000,1.02,a81d770,98039.22,15.45,2022-03-24 10:38:57
1252,mongodb,0,2000,100000,1000000,0.91,a81d770,109890.11,18.2,2022-03-24 10:39:07
1253,mysql,0,200,100000,1000000,16.58,a81d770,6031.36,33.16,2022-03-24 10:39:29
1254,postgres,0,25,100000,1000000,200.13,a81d770,499.68,50.03,2022-03-24 10:44:04
1255,postgres,0,300,100000,1000000,7.55,a81d770,13245.03,22.67,2022-03-24 10:45:25
1256,postgres,1,300,100000,1000000,10.0,a81d770,10000.0,30.03,2022-03-24 10:47:09
1257,mongodb,1,500,100000,1000000,2.3,a81d770,43478.26,11.5,2022-03-24 10:47:31
1258,mongodb,0,10,100000,1000000,6.37,a81d770,15698.59,0.64,2022-03-24 10:47:47
1259,mysql,1,2,100000,1000000,802.73,a81d770,124.57,16.05,2022-03-24 11:01:29
1260,mysql,0,25,100000,1000000,71.29,a81d770,1402.72,17.82,2022-03-24 11:02:45
1261,postgres,0,1000,100000,1000000,7.33,a81d770,13642.56,73.3,2022-03-24 11:04:06
1262,mysql,0,10,100000,1000000,172.84,a81d770,578.57,17.28,2022-03-24 11:07:03
1263,mongodb,1,2,100000,1000000,28.18,a81d770,3548.62,0.56,2022-03-24 11:07:51
1264,mongodb,1,300,100000,1000000,2.82,a81d770,35460.99,8.47,2022-03-24 11:08:14
1265,mongodb,1,25,100000,1000000,4.54,a81d770,22026.43,1.14,2022-03-24 11:08:38
1266,mysql,1,500,100000,1000000,20.21,a81d770,4948.05,101.05,2022-03-24 11:09:18
1267,postgres,1,25,100000,1000000,200.42,a81d770,498.95,50.11,2022-03-24 11:14:14
1268,mysql,1,1500,100000,1000000,19.81,a81d770,5047.96,300.15,2022-03-24 11:14:52
1269,mongodb,0,300,100000,1000000,1.22,a81d770,81967.21,3.66,2022-03-24 11:15:03
1270,postgres,0,200,100000,1000000,8.01,a81d770,12484.39,16.02,2022-03-24 11:16:25
1271,postgres,1,50,100000,1000000,15.42,a81d770,6485.08,7.71,2022-03-24 11:18:15
1272,mongodb,1,1000,100000,1000000,2.16,a81d770,46296.3,21.6,2022-03-24 11:18:37
1273,mysql,0,5,100000,1000000,351.65,a81d770,284.37,17.58,2022-03-24 11:24:34
1274,postgres,1,100,100000,1000000,10.88,a81d770,9191.18,10.88,2022-03-24 11:26:19
1275,mongodb,0,200,100000,1000000,1.42,a81d770,70422.54,2.84,2022-03-24 11:26:30
1276,mongodb,1,50,100000,1000000,3.28,a81d770,30487.8,1.64,2022-03-24 11:26:54
1277,postgres,1,1500,100000,1000000,9.58,a81d770,10438.41,145.15,2022-03-24 11:28:38
1278,mysql,1,2000,100000,1000000,19.75,a81d770,5063.29,395.0,2022-03-24 11:29:16
1279,mongodb,0,1000,100000,1000000,0.97,a81d770,103092.78,9.7,2022-03-24 11:29:27
1280,postgres,0,2000,100000,1000000,8.2,a81d770,12195.12,164.0,2022-03-24 11:30:48
1281,mongodb,1,1500,100000,1000000,2.15,a81d770,46511.63,32.58,2022-03-24 11:31:09
1282,mysql,1,300,100000,1000000,20.72,a81d770,4826.25,62.22,2022-03-24 11:31:49
1283,mongodb,0,50,100000,1000000,2.03,a81d770,49261.08,1.02,2022-03-24 11:32:01
1284,mysql,1,100,100000,1000000,29.55,a81d770,3384.09,29.55,2022-03-24 11:32:50
1285,mongodb,1,100,100000,1000000,3.01,a81d770,33222.59,3.01,2022-03-24 11:33:12
1286,postgres,0,100,100000,1000000,8.94,a81d770,11185.68,8.94,2022-03-24 11:34:36
1287,mysql,0,1000,100000,1000000,5.04,a81d770,19841.27,50.4,2022-03-24 11:34:46
1288,mysql,1,5,100000,1000000,369.31,a81d770,270.78,18.47,2022-03-24 11:41:14
1289,mysql,1,50,100000,1000000,126.46,a81d770,790.76,63.23,2022-03-24 11:43:39
1290,mongodb,1,2000,100000,1000000,2.3,a81d770,43478.26,46.0,2022-03-24 11:44:02
1291,mongodb,0,500,100000,1000000,1.29,a81d770,77519.38,6.45,2022-03-24 11:44:13
1292,postgres,1,500,100000,1000000,9.59,a81d770,10427.53,47.95,2022-03-24 11:45:58
1293,postgres,1,1000,100000,1000000,10.61,a81d770,9425.07,106.1,2022-03-24 11:47:44
1294,mysql,1,1000,100000,1000000,19.89,a81d770,5027.65,198.9,2022-03-24 11:48:23
1295,mysql,1,25,100000,1000000,82.85,a81d770,1207.0,20.71,2022-03-24 11:50:05
1296,mysql,0,2,100000,1000000,769.83,a81d770,129.9,15.4,2022-03-24 12:02:59
1297,mysql,1,50,100000,1000000,126.18,a81d770,792.52,63.09,2022-03-24 12:05:30
1298,postgres,0,2000,100000,1000000,7.27,a81d770,13755.16,145.4,2022-03-24 12:06:50
1299,mongodb,0,50,100000,1000000,2.22,a81d770,45045.05,1.11,2022-03-24 12:07:06
1300,mysql,1,25,100000,1000000,77.78,a81d770,1285.68,19.45,2022-03-24 12:08:42
1301,mongodb,0,5,100000,1000000,11.75,a81d770,8510.64,0.59,2022-03-24 12:09:03
1302,postgres,1,1000,100000,1000000,10.38,a81d770,9633.91,103.8,2022-03-24 12:10:48
1303,mongodb,1,5,100000,1000000,12.71,a81d770,7867.82,0.64,2022-03-24 12:11:21
1304,postgres,1,10,100000,1000000,45.52,a81d770,2196.84,4.55,2022-03-24 12:13:42
1305,mysql,0,2,100000,1000000,759.6,a81d770,131.65,15.19,2022-03-24 12:26:27
1306,mongodb,0,2000,100000,1000000,1.09,a81d770,91743.12,21.8,2022-03-24 12:26:38
1307,mysql,0,5,100000,1000000,334.92,a81d770,298.58,16.75,2022-03-24 12:32:17
1308,mongodb,1,100,100000,1000000,2.8,a81d770,35714.29,2.8,2022-03-24 12:32:40
1309,mongodb,0,100,100000,1000000,1.67,a81d770,59880.24,1.67,2022-03-24 12:32:51
1310,postgres,0,1000,100000,1000000,7.38,a81d770,13550.14,73.8,2022-03-24 12:34:12
1311,postgres,1,100,100000,1000000,11.08,a81d770,9025.27,11.08,2022-03-24 12:35:59
1312,mysql,1,200,100000,1000000,25.83,a81d770,3871.47,51.66,2022-03-24 12:36:44
1313,mysql,1,2000,100000,1000000,19.8,a81d770,5050.51,396.0,2022-03-24 12:37:23
1314,mysql,1,1500,100000,1000000,19.88,a81d770,5030.18,301.21,2022-03-24 12:38:02
1315,mongodb,0,1500,100000,1000000,0.89,a81d770,112359.55,13.48,2022-03-24 12:38:13
1316,mysql,0,50,100000,1000000,125.87,a81d770,794.47,62.94,2022-03-24 12:40:24
1317,postgres,1,25,100000,1000000,200.32,a81d770,499.2,50.08,2022-03-24 12:45:20
1318,mysql,1,2,100000,1000000,802.63,a81d770,124.59,16.05,2022-03-24 12:59:02
1319,mongodb,0,300,100000,1000000,1.4,a81d770,71428.57,4.2,2022-03-24 12:59:12
1320,mysql,1,5,100000,1000000,350.48,a81d770,285.32,17.52,2022-03-24 13:05:22
1321,mongodb,1,10,100000,1000000,7.41,a81d770,13495.28,0.74,2022-03-24 13:05:49
1322,mongodb,1,2000,100000,1000000,2.32,a81d770,43103.45,46.4,2022-03-24 13:06:11
1323,mysql,0,100,100000,1000000,24.09,a81d770,4151.1,24.09,2022-03-24 13:06:40
1324,postgres,0,500,100000,1000000,7.47,a81d770,13386.88,37.35,2022-03-24 13:08:02
1325,mysql,0,1500,100000,1000000,4.17,a81d770,23980.82,63.18,2022-03-24 13:08:11
1326,mysql,1,10,100000,1000000,195.88,a81d770,510.52,19.59,2022-03-24 13:11:46
1327,postgres,0,100,100000,1000000,9.3,a81d770,10752.69,9.3,2022-03-24 13:13:10
1328,postgres,0,10,100000,1000000,44.43,a81d770,2250.73,4.44,2022-03-24 13:15:08
1329,mysql,0,200,100000,1000000,16.52,a81d770,6053.27,33.04,2022-03-24 13:15:30
1330,mysql,0,25,100000,1000000,77.93,a81d770,1283.2,19.48,2022-03-24 13:16:53
1331,mongodb,1,300,100000,1000000,2.6,a81d770,38461.54,7.81,2022-03-24 13:17:16
1332,mysql,0,10,100000,1000000,179.19,a81d770,558.07,17.92,2022-03-24 13:20:20
1333,postgres,0,25,100000,1000000,200.36,a81d770,499.1,50.09,2022-03-24 13:24:54
1334,postgres,0,2,100000,1000000,212.7,a81d770,470.15,4.25,2022-03-24 13:29:41
1335,postgres,1,300,100000,1000000,10.08,a81d770,9920.63,30.27,2022-03-24 13:31:27
1336,mongodb,1,2,100000,1000000,29.34,a81d770,3408.32,0.59,2022-03-24 13:32:17
1337,mongodb,1,500,100000,1000000,2.62,a81d770,38167.94,13.1,2022-03-24 13:32:40
1338,postgres,1,1500,100000,1000000,9.49,a81d770,10537.41,143.79,2022-03-24 13:34:25
1339,mongodb,0,200,100000,1000000,1.41,a81d770,70921.99,2.82,2022-03-24 13:34:36
1340,mongodb,0,10,100000,1000000,6.41,a81d770,15600.62,0.64,2022-03-24 13:34:52
1341,postgres,0,5,100000,1000000,86.19,a81d770,1160.23,4.31,2022-03-24 13:37:32
1342,mysql,0,500,100000,1000000,7.97,a81d770,12547.05,39.85,2022-03-24 13:37:45
1343,mongodb,1,1000,100000,1000000,2.32,a81d770,43103.45,23.2,2022-03-24 13:38:07
1344,mongodb,0,500,100000,1000000,1.22,a81d770,81967.21,6.1,2022-03-24 13:38:19
1345,postgres,1,2000,100000,1000000,9.48,a81d770,10548.52,189.6,2022-03-24 13:40:04
1346,mysql,1,100,100000,1000000,28.17,a81d770,3549.88,28.17,2022-03-24 13:40:51
1347,mongodb,1,1500,100000,1000000,2.01,a81d770,49751.24,30.45,2022-03-24 13:41:13
1348,postgres,0,50,100000,1000000,13.95,a81d770,7168.46,6.98,2022-03-24 13:42:41
1349,mongodb,1,50,100000,1000000,3.41,a81d770,29325.51,1.71,2022-03-24 13:43:05
1350,mongodb,1,200,100000,1000000,2.69,a81d770,37174.72,5.38,2022-03-24 13:43:28
1351,mongodb,1,25,100000,1000000,4.5,a81d770,22222.22,1.13,2022-03-24 13:43:53
1352,mysql,0,2000,100000,1000000,3.6,a81d770,27777.78,72.0,2022-03-24 13:44:01
1353,mongodb,0,1000,100000,1000000,1.08,a81d770,92592.59,10.8,2022-03-24 13:44:12
1354,postgres,1,500,100000,1000000,9.58,a81d770,10438.41,47.9,2022-03-24 13:45:58
1355,postgres,1,200,100000,1000000,11.6,a81d770,8620.69,23.2,2022-03-24 13:47:45
1356,mysql,0,300,100000,1000000,9.86,a81d770,10141.99,29.61,2022-03-24 13:48:00
1357,mongodb,0,25,100000,1000000,3.31,a81d770,30211.48,0.83,2022-03-24 13:48:12
1358,postgres,1,2,100000,1000000,210.31,a81d770,475.49,4.21,2022-03-24 13:53:18
1359,postgres,0,300,100000,1000000,7.4,a81d770,13513.51,22.22,2022-03-24 13:54:39
1360,postgres,0,1500,100000,1000000,7.27,a81d770,13755.16,110.15,2022-03-24 13:56:00
1361,mysql,0,1000,100000,1000000,5.05,a81d770,19801.98,50.5,2022-03-24 13:56:10
1362,mongodb,0,2,100000,1000000,27.4,a81d770,3649.64,0.55,2022-03-24 13:56:47
1363,mysql,1,1000,100000,1000000,20.0,a81d770,5000.0,200.0,2022-03-24 13:57:26
1364,mysql,1,300,100000,1000000,21.08,a81d770,4743.83,63.3,2022-03-24 13:58:07
1365,mysql,1,500,100000,1000000,20.46,a81d770,4887.59,102.3,2022-03-24 13:58:46
1366,postgres,0,200,100000,1000000,7.71,a81d770,12970.17,15.42,2022-03-24 14:00:08
1367,postgres,1,50,100000,1000000,15.85,a81d770,6309.15,7.93,2022-03-24 14:01:59
1368,postgres,1,5,100000,1000000,86.43,a81d770,1157.01,4.32,2022-03-24 14:04:59
1369,mongodb,0,100,100000,1000000,1.93,a81d770,51813.47,1.93,2022-03-24 14:13:08
1370,mongodb,1,2,100000,1000000,29.42,a81d770,3399.05,0.59,2022-03-24 14:13:58
1371,mongodb,1,5,100000,1000000,13.13,a81d770,7616.15,0.66,2022-03-24 14:14:31
1372,postgres,1,5,100000,1000000,87.41,a81d770,1144.03,4.37,2022-03-24 14:17:33
1373,mysql,1,1500,100000,1000000,20.49,a81d770,4880.43,310.45,2022-03-24 14:18:14
1374,mongodb,0,300,100000,1000000,1.35,a81d770,74074.07,4.05,2022-03-24 14:18:25
1375,mongodb,1,1000,100000,1000000,2.44,a81d770,40983.61,24.4,2022-03-24 14:18:48
1376,mysql,0,200,100000,1000000,18.37,a81d770,5443.66,36.74,2022-03-24 14:19:11
1377,postgres,0,2000,100000,1000000,7.28,a81d770,13736.26,145.6,2022-03-24 14:20:32
1378,postgres,0,200,100000,1000000,7.7,a81d770,12987.01,15.4,2022-03-24 14:21:54
1379,mongodb,0,5,100000,1000000,11.88,a81d770,8417.51,0.59,2022-03-24 14:22:16
1380,postgres,0,25,100000,1000000,200.07,a81d770,499.83,50.02,2022-03-24 14:26:50
1381,mongodb,1,500,100000,1000000,2.26,a81d770,44247.79,11.3,2022-03-24 14:27:12
1382,postgres,0,100,100000,1000000,8.91,a81d770,11223.34,8.91,2022-03-24 14:28:35
1383,postgres,0,2,100000,1000000,212.17,a81d770,471.32,4.24,2022-03-24 14:33:23
1384,postgres,0,300,100000,1000000,7.58,a81d770,13192.61,22.76,2022-03-24 14:34:44
1385,mysql,1,50,100000,1000000,128.33,a81d770,779.24,64.17,2022-03-24 14:37:11
1386,mongodb,1,1500,100000,1000000,2.11,a81d770,47393.36,31.97,2022-03-24 14:37:34
1387,mongodb,0,2,100000,1000000,27.95,a81d770,3577.82,0.56,2022-03-24 14:38:12
1388,postgres,1,500,100000,1000000,9.71,a81d770,10298.66,48.55,2022-03-24 14:39:58
1389,postgres,1,2000,100000,1000000,9.55,a81d770,10471.2,191.0,2022-03-24 14:41:42
1390,postgres,1,10,100000,1000000,45.4,a81d770,2202.64,4.54,2022-03-24 14:44:03
1391,mongodb,1,50,100000,1000000,3.29,a81d770,30395.14,1.65,2022-03-24 14:44:27
1392,postgres,0,500,100000,1000000,8.3,a81d770,12048.19,41.5,2022-03-24 14:45:50
1393,mongodb,0,500,100000,1000000,1.26,a81d770,79365.08,6.3,2022-03-24 14:46:01
1394,mongodb,1,200,100000,1000000,2.91,a81d770,34364.26,5.82,2022-03-24 14:46:24
1395,mongodb,1,25,100000,1000000,4.72,a81d770,21186.44,1.18,2022-03-24 14:46:48
1396,postgres,1,25,100000,1000000,200.63,a81d770,498.43,50.16,2022-03-24 14:51:45
1397,mysql,1,2000,100000,1000000,19.78,a81d770,5055.61,395.6,2022-03-24 14:52:24
1398,postgres,1,200,100000,1000000,10.46,a81d770,9560.23,20.92,2022-03-24 14:54:10
1399,postgres,0,5,100000,1000000,86.49,a81d770,1156.2,4.32,2022-03-24 14:56:51
1400,mysql,0,500,100000,1000000,7.5,a81d770,13333.33,37.5,2022-03-24 14:57:03
1401,mongodb,1,100,100000,1000000,2.94,a81d770,34013.61,2.94,2022-03-24 14:57:26
1402,postgres,0,50,100000,1000000,15.51,a81d770,6447.45,7.76,2022-03-24 14:58:56
1403,mongodb,0,1000,100000,1000000,1.02,a81d770,98039.22,10.2,2022-03-24 14:59:07
1404,mysql,0,2,100000,1000000,765.55,a81d770,130.63,15.31,2022-03-24 15:11:57
1405,mongodb,1,300,100000,1000000,2.81,a81d770,35587.19,8.44,2022-03-24 15:12:20
1406,mysql,1,200,100000,1000000,25.25,a81d770,3960.4,50.5,2022-03-24 15:13:04
1407,postgres,0,10,100000,1000000,45.09,a81d770,2217.79,4.51,2022-03-24 15:15:03
1408,mongodb,0,50,100000,1000000,2.16,a81d770,46296.3,1.08,2022-03-24 15:15:15
1409,postgres,1,100,100000,1000000,11.16,a81d770,8960.57,11.16,2022-03-24 15:17:02
1410,mongodb,0,2000,100000,1000000,1.05,a81d770,95238.1,21.0,2022-03-24 15:17:13
1411,mysql,0,1500,100000,1000000,3.92,a81d770,25510.2,59.39,2022-03-24 15:17:21
1412,mysql,0,2000,100000,1000000,3.8,a81d770,26315.79,76.0,2022-03-24 15:17:30
1413,postgres,1,50,100000,1000000,14.14,a81d770,7072.14,7.07,2022-03-24 15:19:21
1414,mysql,0,300,100000,1000000,9.83,a81d770,10172.94,29.52,2022-03-24 15:19:35
1415,mongodb,0,200,100000,1000000,1.35,a81d770,74074.07,2.7,2022-03-24 15:19:46
1416,postgres,1,1500,100000,1000000,9.67,a81d770,10341.26,146.52,2022-03-24 15:21:31
1417,mysql,0,25,100000,1000000,71.86,a81d770,1391.59,17.97,2022-03-24 15:22:48
1418,mysql,1,10,100000,1000000,186.59,a81d770,535.93,18.66,2022-03-24 15:26:14
1419,mysql,1,100,100000,1000000,27.78,a81d770,3599.71,27.78,2022-03-24 15:27:01
1420,mysql,1,25,100000,1000000,83.01,a81d770,1204.67,20.75,2022-03-24 15:28:43
1421,mysql,0,1000,100000,1000000,5.04,a81d770,19841.27,50.4,2022-03-24 15:28:53
1422,postgres,1,300,100000,1000000,9.81,a81d770,10193.68,29.46,2022-03-24 15:30:38
1423,mysql,0,50,100000,1000000,125.39,a81d770,797.51,62.7,2022-03-24 15:32:49
1424,postgres,1,2,100000,1000000,213.49,a81d770,468.41,4.27,2022-03-24 15:37:58
1425,postgres,0,1500,100000,1000000,7.44,a81d770,13440.86,112.73,2022-03-24 15:39:19
1426,mongodb,0,10,100000,1000000,6.75,a81d770,14814.81,0.68,2022-03-24 15:39:36
1427,mysql,0,5,100000,1000000,341.2,a81d770,293.08,17.06,2022-03-24 15:45:22
1428,mysql,1,500,100000,1000000,21.04,a81d770,4752.85,105.2,2022-03-24 15:46:02
1429,postgres,1,1000,100000,1000000,10.47,a81d770,9551.1,104.7,2022-03-24 15:47:49
1430,mysql,1,2,100000,1000000,809.61,a81d770,123.52,16.19,2022-03-24 16:01:38
1431,mongodb,1,10,100000,1000000,7.42,a81d770,13477.09,0.74,2022-03-24 16:02:06
1432,mysql,0,10,100000,1000000,174.03,a81d770,574.61,17.4,2022-03-24 16:05:04
1433,mysql,1,1000,100000,1000000,20.42,a81d770,4897.16,204.2,2022-03-24 16:05:44
1434,postgres,0,1000,100000,1000000,7.46,a81d770,13404.83,74.6,2022-03-24 16:07:05
1435,mongodb,1,2000,100000,1000000,2.11,a81d770,47393.36,42.2,2022-03-24 16:07:28
1436,mysql,1,5,100000,1000000,363.89,a81d770,274.81,18.19,2022-03-24 16:13:52
1437,mysql,0,100,100000,1000000,24.3,a81d770,4115.23,24.3,2022-03-24 16:14:21
1438,mongodb,0,25,100000,1000000,3.35,a81d770,29850.75,0.84,2022-03-24 16:14:35
1439,mysql,1,300,100000,1000000,21.06,a81d770,4748.34,63.24,2022-03-24 16:15:15
1440,mongodb,0,1500,100000,1000000,1.11,a81d770,90090.09,16.82,2022-03-24 16:15:25
1441,postgres,1,25,100000,1000000,200.79,a81d770,498.03,50.2,2022-03-24 16:20:27
1442,mongodb,1,100,100000,1000000,3.13,a81d770,31948.88,3.13,2022-03-24 16:20:54
1443,postgres,1,300,100000,1000000,9.78,a81d770,10224.95,29.37,2022-03-24 16:22:39
1444,mysql,0,300,100000,1000000,10.57,a81d770,9460.74,31.74,2022-03-24 16:22:55
1445,postgres,0,1500,100000,1000000,7.38,a81d770,13550.14,111.82,2022-03-24 16:24:16
1446,mysql,0,25,100000,1000000,72.58,a81d770,1377.79,18.15,2022-03-24 16:25:34
1447,mysql,1,2,100000,1000000,808.86,a81d770,123.63,16.18,2022-03-24 16:39:23
1448,postgres,0,500,100000,1000000,7.42,a81d770,13477.09,37.1,2022-03-24 16:40:44
1449,mysql,1,300,100000,1000000,21.31,a81d770,4692.63,63.99,2022-03-24 16:41:24
1450,mongodb,0,5,100000,1000000,12.1,a81d770,8264.46,0.61,2022-03-24 16:41:46
1451,mongodb,0,1000,100000,1000000,1.03,a81d770,97087.38,10.3,2022-03-24 16:41:57
1452,mongodb,0,200,100000,1000000,1.2,a81d770,83333.33,2.4,2022-03-24 16:42:09
1453,mysql,0,2000,100000,1000000,3.95,a81d770,25316.46,79.0,2022-03-24 16:42:18
1454,postgres,1,10,100000,1000000,44.81,a81d770,2231.64,4.48,2022-03-24 16:44:39
1455,mysql,0,1500,100000,1000000,4.01,a81d770,24937.66,60.76,2022-03-24 16:44:48
1456,mongodb,1,2000,100000,1000000,2.23,a81d770,44843.05,44.6,2022-03-24 16:45:10
1457,mysql,0,200,100000,1000000,17.13,a81d770,5837.71,34.26,2022-03-24 16:45:33
1458,mongodb,1,50,100000,1000000,3.92,a81d770,25510.2,1.96,2022-03-24 16:45:57
1459,postgres,0,2000,100000,1000000,7.19,a81d770,13908.21,143.8,2022-03-24 16:47:18
1460,mysql,1,500,100000,1000000,20.32,a81d770,4921.26,101.6,2022-03-24 16:47:57
1461,postgres,1,1000,100000,1000000,9.38,a81d770,10660.98,93.8,2022-03-24 16:49:41
1462,postgres,1,100,100000,1000000,11.14,a81d770,8976.66,11.14,2022-03-24 16:51:27
1463,mysql,1,10,100000,1000000,190.24,a81d770,525.65,19.02,2022-03-24 16:54:56
1464,postgres,0,300,100000,1000000,7.39,a81d770,13531.8,22.19,2022-03-24 16:56:18
1465,mysql,0,10,100000,1000000,173.11,a81d770,577.67,17.31,2022-03-24 16:59:16
1466,mysql,0,500,100000,1000000,8.21,a81d770,12180.27,41.05,2022-03-24 16:59:29
1467,postgres,0,25,100000,1000000,200.56,a81d770,498.6,50.14,2022-03-24 17:04:03
1468,mongodb,0,1500,100000,1000000,0.92,a81d770,108695.65,13.94,2022-03-24 17:04:14
1469,postgres,1,2000,100000,1000000,9.47,a81d770,10559.66,189.4,2022-03-24 17:05:58
1470,postgres,0,50,100000,1000000,13.95,a81d770,7168.46,6.98,2022-03-24 17:07:25
1471,mongodb,1,25,100000,1000000,4.28,a81d770,23364.49,1.07,2022-03-24 17:07:50
1472,mysql,1,5,100000,1000000,354.95,a81d770,281.73,17.75,2022-03-24 17:14:04
1473,mysql,0,50,100000,1000000,123.22,a81d770,811.56,61.61,2022-03-24 17:16:12
1474,postgres,0,2,100000,1000000,211.97,a81d770,471.76,4.24,2022-03-24 17:20:57
1475,mongodb,1,200,100000,1000000,2.91,a81d770,34364.26,5.82,2022-03-24 17:21:20
1476,mongodb,1,300,100000,1000000,2.44,a81d770,40983.61,7.33,2022-03-24 17:21:42
1477,mysql,1,2000,100000,1000000,19.67,a81d770,5083.88,393.4,2022-03-24 17:22:21
1478,postgres,0,1000,100000,1000000,7.41,a81d770,13495.28,74.1,2022-03-24 17:23:41
1479,mongodb,0,10,100000,1000000,6.49,a81d770,15408.32,0.65,2022-03-24 17:23:58
1480,mysql,0,1000,100000,1000000,5.11,a81d770,19569.47,51.1,2022-03-24 17:24:08
1481,postgres,1,1500,100000,1000000,10.51,a81d770,9514.75,159.24,2022-03-24 17:25:54
1482,postgres,1,200,100000,1000000,10.82,a81d770,9242.14,21.64,2022-03-24 17:27:40
1483,postgres,0,5,100000,1000000,86.38,a81d770,1157.68,4.32,2022-03-24 17:30:20
1484,mysql,1,100,100000,1000000,28.93,a81d770,3456.62,28.93,2022-03-24 17:31:08
1485,mysql,0,2,100000,1000000,773.46,a81d770,129.29,15.47,2022-03-24 17:44:06
1486,mongodb,1,1000,100000,1000000,2.3,a81d770,43478.26,23.0,2022-03-24 17:44:28
1487,mysql,0,100,100000,1000000,22.75,a81d770,4395.6,22.75,2022-03-24 17:44:56
1488,mongodb,0,50,100000,1000000,2.18,a81d770,45871.56,1.09,2022-03-24 17:45:08
1489,mysql,1,1500,100000,1000000,19.66,a81d770,5086.47,297.88,2022-03-24 17:45:46
1490,mongodb,0,100,100000,1000000,1.44,a81d770,69444.44,1.44,2022-03-24 17:45:58
1491,postgres,0,100,100000,1000000,8.88,a81d770,11261.26,8.88,2022-03-24 17:47:20
1492,mongodb,0,25,100000,1000000,3.26,a81d770,30674.85,0.82,2022-03-24 17:47:33
1493,mongodb,0,500,100000,1000000,1.21,a81d770,82644.63,6.05,2022-03-24 17:47:44
1494,mysql,1,50,100000,1000000,129.36,a81d770,773.04,64.68,2022-03-24 17:50:12
1495,mongodb,1,2,100000,1000000,28.75,a81d770,3478.26,0.58,2022-03-24 17:51:01
1496,postgres,1,2,100000,1000000,210.35,a81d770,475.4,4.21,2022-03-24 17:56:07
1497,postgres,0,200,100000,1000000,7.87,a81d770,12706.48,15.74,2022-03-24 17:57:29
1498,mysql,1,25,100000,1000000,78.04,a81d770,1281.39,19.51,2022-03-24 17:59:06
1499,mongodb,0,2000,100000,1000000,0.9,a81d770,111111.11,18.0,2022-03-24 17:59:17
1500,postgres,1,5,100000,1000000,87.23,a81d770,1146.39,4.36,2022-03-24 18:02:19
1501,mongodb,1,10,100000,1000000,7.7,a81d770,12987.01,0.77,2022-03-24 18:02:47
1502,mysql,0,5,100000,1000000,345.91,a81d770,289.09,17.3,2022-03-24 18:08:38
1503,mysql,1,200,100000,1000000,25.93,a81d770,3856.54,51.86,2022-03-24 18:09:23
1504,mongodb,1,500,100000,1000000,2.32,a81d770,43103.45,11.6,2022-03-24 18:09:45
1505,postgres,0,10,100000,1000000,43.26,a81d770,2311.6,4.33,2022-03-24 18:11:42
1506,mongodb,0,2,100000,1000000,27.43,a81d770,3645.64,0.55,2022-03-24 18:12:19
1507,postgres,1,50,100000,1000000,15.58,a81d770,6418.49,7.79,2022-03-24 18:14:11
1508,postgres,1,500,100000,1000000,10.56,a81d770,9469.7,52.8,2022-03-24 18:15:56
1509,mongodb,0,300,100000,1000000,1.33,a81d770,75187.97,3.99,2022-03-24 18:16:07
1510,mongodb,1,1500,100000,1000000,2.3,a81d770,43478.26,34.85,2022-03-24 18:16:29
1511,mysql,1,1000,100000,1000000,19.81,a81d770,5047.96,198.1,2022-03-24 18:17:07
1512,mongodb,1,5,100000,1000000,12.68,a81d770,7886.44,0.63,2022-03-24 18:17:41
1513,mysql,0,50,100000,1000000,124.99,a81d770,800.06,62.5,2022-03-24 18:19:56
1514,postgres,1,100,100000,1000000,10.98,a81d770,9107.47,10.98,2022-03-24 18:21:41
1515,mysql,0,2000,100000,1000000,3.69,a81d770,27100.27,73.8,2022-03-24 18:21:50
1516,mysql,0,300,100000,1000000,10.1,a81d770,9900.99,30.33,2022-03-24 18:22:05
1517,mongodb,1,1000,100000,1000000,2.16,a81d770,46296.3,21.6,2022-03-24 18:22:30
1518,mongodb,0,1000,100000,1000000,1.17,a81d770,85470.09,11.7,2022-03-24 18:22:41
1519,mongodb,0,2000,100000,1000000,1.08,a81d770,92592.59,21.6,2022-03-24 18:22:52
1520,mongodb,1,1500,100000,1000000,2.09,a81d770,47846.89,31.67,2022-03-24 18:23:15
1521,mysql,1,500,100000,1000000,20.31,a81d770,4923.68,101.55,2022-03-24 18:23:54
1522,postgres,0,10,100000,1000000,44.48,a81d770,2248.2,4.45,2022-03-24 18:25:52
1523,mongodb,0,10,100000,1000000,6.36,a81d770,15723.27,0.64,2022-03-24 18:26:08
1524,postgres,0,1500,100000,1000000,7.32,a81d770,13661.2,110.91,2022-03-24 18:27:28
1525,mongodb,1,50,100000,1000000,3.71,a81d770,26954.18,1.86,2022-03-24 18:27:52
1526,mongodb,1,200,100000,1000000,2.69,a81d770,37174.72,5.38,2022-03-24 18:28:15
1527,postgres,1,300,100000,1000000,10.17,a81d770,9832.84,30.54,2022-03-24 18:30:00
1528,postgres,0,500,100000,1000000,7.43,a81d770,13458.95,37.15,2022-03-24 18:31:22
1529,mysql,0,25,100000,1000000,72.79,a81d770,1373.82,18.2,2022-03-24 18:32:40
1530,mongodb,1,300,100000,1000000,2.63,a81d770,38022.81,7.9,2022-03-24 18:33:02
1531,mysql,0,200,100000,1000000,17.63,a81d770,5672.15,35.26,2022-03-24 18:33:25
1532,mongodb,1,2,100000,1000000,28.81,a81d770,3471.02,0.58,2022-03-24 18:34:14
1533,mysql,1,1000,100000,1000000,19.98,a81d770,5005.01,199.8,2022-03-24 18:34:53
1534,postgres,0,1000,100000,1000000,8.33,a81d770,12004.8,83.3,2022-03-24 18:36:15
1535,postgres,0,200,100000,1000000,7.81,a81d770,12804.1,15.62,2022-03-24 18:37:37
1536,mysql,1,1500,100000,1000000,19.81,a81d770,5047.96,300.15,2022-03-24 18:38:16
1537,postgres,0,300,100000,1000000,7.44,a81d770,13440.86,22.34,2022-03-24 18:39:36
1538,mongodb,0,1500,100000,1000000,1.06,a81d770,94339.62,16.06,2022-03-24 18:39:47
1539,mongodb,0,100,100000,1000000,1.57,a81d770,63694.27,1.57,2022-03-24 18:39:58
1540,postgres,1,1500,100000,1000000,9.5,a81d770,10526.32,143.94,2022-03-24 18:41:43
1541,mongodb,0,50,100000,1000000,2.08,a81d770,48076.92,1.04,2022-03-24 18:41:56
1542,mongodb,1,25,100000,1000000,4.48,a81d770,22321.43,1.12,2022-03-24 18:42:20
1543,postgres,0,2000,100000,1000000,7.45,a81d770,13422.82,149.0,2022-03-24 18:43:41
1544,postgres,1,2000,100000,1000000,9.49,a81d770,10537.41,189.8,2022-03-24 18:45:25
1545,postgres,1,25,100000,1000000,200.54,a81d770,498.65,50.14,2022-03-24 18:50:20
1546,postgres,0,100,100000,1000000,9.05,a81d770,11049.72,9.05,2022-03-24 18:51:42
1547,mysql,1,300,100000,1000000,21.21,a81d770,4714.76,63.69,2022-03-24 18:52:23
1548,mysql,0,1000,100000,1000000,4.77,a81d770,20964.36,47.7,2022-03-24 18:52:33
1549,mysql,0,100,100000,1000000,24.22,a81d770,4128.82,24.22,2022-03-24 18:53:02
1550,mongodb,1,5,100000,1000000,12.61,a81d770,7930.21,0.63,2022-03-24 18:53:35
1551,mysql,0,2,100000,1000000,772.86,a81d770,129.39,15.46,2022-03-24 19:06:33
1552,mongodb,0,25,100000,1000000,3.38,a81d770,29585.8,0.85,2022-03-24 19:06:46
1553,postgres,1,500,100000,1000000,9.58,a81d770,10438.41,47.9,2022-03-24 19:08:30
1554,mysql,1,100,100000,1000000,29.31,a81d770,3411.8,29.31,2022-03-24 19:09:19
1555,mysql,1,5,100000,1000000,370.14,a81d770,270.17,18.51,2022-03-24 19:15:48
1556,postgres,0,5,100000,1000000,87.1,a81d770,1148.11,4.36,2022-03-24 19:18:27
1557,mysql,1,25,100000,1000000,78.74,a81d770,1270.0,19.69,2022-03-24 19:20:05
1558,mysql,1,50,100000,1000000,129.24,a81d770,773.75,64.62,2022-03-24 19:22:33
1559,mysql,0,1500,100000,1000000,3.78,a81d770,26455.03,57.27,2022-03-24 19:22:42
1560,mysql,0,5,100000,1000000,357.18,a81d770,279.97,17.86,2022-03-24 19:28:44
1561,mongodb,0,300,100000,1000000,1.41,a81d770,70921.99,4.23,2022-03-24 19:28:56
1562,mongodb,0,200,100000,1000000,1.38,a81d770,72463.77,2.76,2022-03-24 19:29:07
1563,mongodb,0,500,100000,1000000,1.24,a81d770,80645.16,6.2,2022-03-24 19:29:18
1564,mysql,0,500,100000,1000000,7.7,a81d770,12987.01,38.5,2022-03-24 19:29:31
1565,mysql,1,10,100000,1000000,193.82,a81d770,515.94,19.38,2022-03-24 19:33:03
1566,postgres,0,50,100000,1000000,13.95,a81d770,7168.46,6.98,2022-03-24 19:34:31
1567,mongodb,0,5,100000,1000000,11.8,a81d770,8474.58,0.59,2022-03-24 19:34:53
1568,mongodb,1,2000,100000,1000000,2.33,a81d770,42918.45,46.6,2022-03-24 19:35:15
1569,postgres,1,2,100000,1000000,212.24,a81d770,471.16,4.24,2022-03-24 19:40:21
1570,postgres,1,10,100000,1000000,45.24,a81d770,2210.43,4.52,2022-03-24 19:42:41
1571,mysql,1,200,100000,1000000,24.32,a81d770,4111.84,48.64,2022-03-24 19:43:25
1572,mongodb,1,500,100000,1000000,2.31,a81d770,43290.04,11.55,2022-03-24 19:43:47
1573,postgres,0,25,100000,1000000,200.13,a81d770,499.68,50.03,2022-03-24 19:48:20
1574,mongodb,1,10,100000,1000000,7.36,a81d770,13586.96,0.74,2022-03-24 19:48:47
1575,mysql,1,2,100000,1000000,807.64,a81d770,123.82,16.15,2022-03-24 20:02:34
1576,mongodb,1,100,100000,1000000,3.03,a81d770,33003.3,3.03,2022-03-24 20:02:57
1577,postgres,0,2,100000,1000000,209.49,a81d770,477.35,4.19,2022-03-24 20:07:39
1578,mongodb,0,2,100000,1000000,27.47,a81d770,3640.33,0.55,2022-03-24 20:08:17
1579,postgres,1,50,100000,1000000,15.32,a81d770,6527.42,7.66,2022-03-24 20:10:07
1580,mysql,1,2000,100000,1000000,19.61,a81d770,5099.44,392.2,2022-03-24 20:10:46
1581,postgres,1,5,100000,1000000,86.69,a81d770,1153.54,4.33,2022-03-24 20:13:48
1582,postgres,1,200,100000,1000000,10.18,a81d770,9823.18,20.36,2022-03-24 20:15:34
1583,postgres,1,1000,100000,1000000,10.29,a81d770,9718.17,102.9,2022-03-24 20:17:18
1584,mysql,0,10,100000,1000000,179.5,a81d770,557.1,17.95,2022-03-24 20:20:23
1585,mysql,1,10,100000,1000000,180.13,a81d770,555.15,18.01,2022-03-25 07:57:44
1586,postgres,0,10,100000,1000000,44.75,a81d770,2234.64,4.48,2022-03-25 07:59:42
1587,postgres,1,50,100000,1000000,14.68,a81d770,6811.99,7.34,2022-03-25 08:01:31
1588,mongodb,1,100,100000,1000000,2.7,a81d770,37037.04,2.7,2022-03-25 08:01:56
1589,mongodb,0,5,100000,1000000,11.67,a81d770,8568.98,0.58,2022-03-25 08:02:18
1590,mysql,0,50,100000,1000000,123.35,a81d770,810.7,61.68,2022-03-25 08:04:26
1591,mongodb,1,200,100000,1000000,2.74,a81d770,36496.35,5.48,2022-03-25 08:04:50
1592,postgres,1,5,100000,1000000,86.3,a81d770,1158.75,4.32,2022-03-25 08:07:53
1593,mysql,1,200,100000,1000000,25.64,a81d770,3900.16,51.28,2022-03-25 08:08:38
1594,mongodb,1,1000,100000,1000000,2.51,a81d770,39840.64,25.1,2022-03-25 08:09:02
1595,postgres,0,50,100000,1000000,13.79,a81d770,7251.63,6.9,2022-03-25 08:10:30
1596,mysql,1,5,100000,1000000,365.54,a81d770,273.57,18.28,2022-03-25 08:16:55
1597,mysql,0,25,100000,1000000,72.63,a81d770,1376.84,18.16,2022-03-25 08:18:12
1598,postgres,0,5,100000,1000000,86.5,a81d770,1156.07,4.33,2022-03-25 08:20:52
1599,mysql,1,2,100000,1000000,813.03,a81d770,123.0,16.26,2022-03-25 08:34:44
1600,mysql,1,1000,100000,1000000,20.0,a81d770,5000.0,200.0,2022-03-25 08:35:23
1601,mongodb,0,300,100000,1000000,1.17,a81d770,85470.09,3.51,2022-03-25 08:35:35
1602,postgres,0,1000,100000,1000000,7.32,a81d770,13661.2,73.2,2022-03-25 08:36:57
1603,mongodb,1,500,100000,1000000,2.43,a81d770,41152.26,12.15,2022-03-25 08:37:20
1604,postgres,1,1500,100000,1000000,9.47,a81d770,10559.66,143.48,2022-03-25 08:39:04
1605,postgres,0,300,100000,1000000,7.3,a81d770,13698.63,21.92,2022-03-25 08:40:25
1606,mongodb,0,10,100000,1000000,6.59,a81d770,15174.51,0.66,2022-03-25 08:40:42
1607,mongodb,1,25,100000,1000000,4.53,a81d770,22075.06,1.13,2022-03-25 08:41:06
1608,mongodb,0,1000,100000,1000000,1.14,a81d770,87719.3,11.4,2022-03-25 08:41:17
1609,mongodb,0,1500,100000,1000000,1.16,a81d770,86206.9,17.58,2022-03-25 08:41:28
1610,mysql,1,300,100000,1000000,21.07,a81d770,4746.08,63.27,2022-03-25 08:42:09
1611,mongodb,0,500,100000,1000000,1.15,a81d770,86956.52,5.75,2022-03-25 08:42:20
1612,mongodb,0,200,100000,1000000,1.39,a81d770,71942.45,2.78,2022-03-25 08:42:31
1613,postgres,1,200,100000,1000000,10.79,a81d770,9267.84,21.58,2022-03-25 08:44:17
1614,mysql,0,1500,100000,1000000,4.17,a81d770,23980.82,63.18,2022-03-25 08:44:26
1615,mysql,1,500,100000,1000000,20.92,a81d770,4780.11,104.6,2022-03-25 08:45:07
1616,postgres,1,25,100000,1000000,200.66,a81d770,498.36,50.17,2022-03-25 08:50:03
1617,postgres,0,2,100000,1000000,211.46,a81d770,472.9,4.23,2022-03-25 08:54:48
1618,mysql,0,100,100000,1000000,24.0,a81d770,4166.67,24.0,2022-03-25 08:55:17
1619,mysql,1,50,100000,1000000,130.1,a81d770,768.64,65.05,2022-03-25 08:57:47
1620,postgres,0,25,100000,1000000,200.26,a81d770,499.35,50.07,2022-03-25 09:02:20
1621,postgres,1,2000,100000,1000000,9.54,a81d770,10482.18,190.8,2022-03-25 09:04:05
1622,postgres,0,200,100000,1000000,7.85,a81d770,12738.85,15.7,2022-03-25 09:05:26
1623,mysql,0,500,100000,1000000,7.66,a81d770,13054.83,38.3,2022-03-25 09:05:39
1624,mongodb,1,1500,100000,1000000,2.39,a81d770,41841.0,36.21,2022-03-25 09:06:01
1625,mongodb,1,300,100000,1000000,2.53,a81d770,39525.69,7.6,2022-03-25 09:06:25
1626,mongodb,1,2,100000,1000000,29.55,a81d770,3384.09,0.59,2022-03-25 09:07:15
1627,mysql,0,2,100000,1000000,768.8,a81d770,130.07,15.38,2022-03-25 09:20:09
1628,mysql,1,2000,100000,1000000,19.96,a81d770,5010.02,399.2,2022-03-25 09:20:48
1629,postgres,1,100,100000,1000000,10.9,a81d770,9174.31,10.9,2022-03-25 09:22:34
1630,mongodb,1,10,100000,1000000,7.43,a81d770,13458.95,0.74,2022-03-25 09:23:02
1631,mysql,0,5,100000,1000000,351.91,a81d770,284.16,17.6,2022-03-25 09:28:58
1632,mysql,0,2000,100000,1000000,3.74,a81d770,26737.97,74.8,2022-03-25 09:29:07
1633,mysql,1,100,100000,1000000,29.99,a81d770,3334.44,29.99,2022-03-25 09:29:57
1634,postgres,1,1000,100000,1000000,10.37,a81d770,9643.2,103.7,2022-03-25 09:31:43
1635,mongodb,1,2000,100000,1000000,2.24,a81d770,44642.86,44.8,2022-03-25 09:32:05
1636,postgres,0,500,100000,1000000,7.56,a81d770,13227.51,37.8,2022-03-25 09:33:27
1637,mongodb,0,50,100000,1000000,2.2,a81d770,45454.55,1.1,2022-03-25 09:33:40
1638,mysql,0,200,100000,1000000,18.34,a81d770,5452.56,36.68,2022-03-25 09:34:03
1639,postgres,0,2000,100000,1000000,7.39,a81d770,13531.8,147.8,2022-03-25 09:35:25
1640,postgres,0,1500,100000,1000000,7.38,a81d770,13550.14,111.82,2022-03-25 09:36:48
1641,mongodb,1,50,100000,1000000,3.55,a81d770,28169.01,1.78,2022-03-25 09:37:13
1642,mongodb,0,2000,100000,1000000,1.08,a81d770,92592.59,21.6,2022-03-25 09:37:25
1643,postgres,1,10,100000,1000000,45.73,a81d770,2186.75,4.57,2022-03-25 09:39:48
1644,mysql,0,1000,100000,1000000,4.85,a81d770,20618.56,48.5,2022-03-25 09:39:58
1645,mysql,1,1500,100000,1000000,21.1,a81d770,4739.34,319.7,2022-03-25 09:40:39
1646,mysql,0,10,100000,1000000,194.2,a81d770,514.93,19.42,2022-03-25 09:43:58
1647,mongodb,0,100,100000,1000000,1.8,a81d770,55555.56,1.8,2022-03-25 09:44:10
1648,postgres,1,300,100000,1000000,9.78,a81d770,10224.95,29.37,2022-03-25 09:45:57
1649,mongodb,0,25,100000,1000000,3.31,a81d770,30211.48,0.83,2022-03-25 09:46:11
1650,mongodb,0,2,100000,1000000,28.3,a81d770,3533.57,0.57,2022-03-25 09:46:49
1651,mongodb,1,5,100000,1000000,13.14,a81d770,7610.35,0.66,2022-03-25 09:47:24
1652,mysql,1,25,100000,1000000,78.18,a81d770,1279.1,19.55,2022-03-25 09:49:02
1653,postgres,1,500,100000,1000000,10.78,a81d770,9276.44,53.9,2022-03-25 09:50:49
1654,postgres,0,100,100000,1000000,8.7,a81d770,11494.25,8.7,2022-03-25 09:52:13
1655,mysql,0,300,100000,1000000,10.39,a81d770,9624.64,31.2,2022-03-25 09:52:28
1656,postgres,1,2,100000,1000000,212.55,a81d770,470.48,4.25,2022-03-25 09:57:39
1657,postgres,0,50,100000,1000000,14.21,a81d770,7037.3,7.11,2022-03-28 08:54:45
1658,mongodb,1,2,100000,1000000,32.76,a81d770,3052.5,0.66,2022-03-28 08:55:41
1659,mongodb,1,25,100000,1000000,4.8,a81d770,20833.33,1.2,2022-03-28 08:56:07
1660,postgres,1,10,100000,1000000,45.74,a81d770,2186.27,4.57,2022-03-28 08:58:31
1661,mysql,0,1000,100000,1000000,5.16,a81d770,19379.84,51.6,2022-03-28 08:58:42
1662,mongodb,1,1000,100000,1000000,2.39,a81d770,41841.0,23.9,2022-03-28 08:59:04
1663,postgres,1,25,100000,1000000,200.49,a81d770,498.78,50.12,2022-03-28 09:04:01
1664,mysql,0,2,100000,1000000,762.34,a81d770,131.18,15.25,2022-03-28 09:16:48
1665,mongodb,0,2000,100000,1000000,1.02,a81d770,98039.22,20.4,2022-03-28 09:16:59
1666,postgres,0,2,100000,1000000,214.5,a81d770,466.2,4.29,2022-03-28 09:21:49
1667,mongodb,0,500,100000,1000000,1.25,a81d770,80000.0,6.25,2022-03-28 09:22:01
1668,mongodb,0,2,100000,1000000,31.28,a81d770,3196.93,0.63,2022-03-28 09:22:41
1669,mysql,1,500,100000,1000000,20.83,a81d770,4800.77,104.15,2022-03-28 09:23:22
1670,mysql,0,200,100000,1000000,17.71,a81d770,5646.53,35.42,2022-03-28 09:23:45
1671,mysql,1,2,100000,1000000,822.84,a81d770,121.53,16.46,2022-03-28 09:37:47
1672,postgres,0,300,100000,1000000,8.3,a81d770,12048.19,24.92,2022-03-28 09:39:10
1673,postgres,0,1000,100000,1000000,7.63,a81d770,13106.16,76.3,2022-03-28 09:40:32
1674,postgres,1,500,100000,1000000,9.69,a81d770,10319.92,48.45,2022-03-28 09:42:20
1675,postgres,0,25,100000,1000000,200.06,a81d770,499.85,50.02,2022-03-28 09:46:54
1676,mongodb,1,50,100000,1000000,3.43,a81d770,29154.52,1.72,2022-03-28 09:47:19
1677,mysql,1,25,100000,1000000,77.9,a81d770,1283.7,19.48,2022-03-28 09:48:57
1678,mysql,0,500,100000,1000000,7.31,a81d770,13679.89,36.55,2022-03-28 09:49:09
1679,mysql,0,1500,100000,1000000,4.24,a81d770,23584.91,64.24,2022-03-28 09:49:18
1680,mysql,1,1500,100000,1000000,20.28,a81d770,4930.97,307.27,2022-03-28 09:49:58
1681,postgres,0,1500,100000,1000000,7.28,a81d770,13736.26,110.3,2022-03-28 09:51:21
1682,mongodb,1,1500,100000,1000000,2.28,a81d770,43859.65,34.55,2022-03-28 09:51:44
1683,mongodb,0,200,100000,1000000,1.4,a81d770,71428.57,2.8,2022-03-28 09:51:56
1684,mysql,0,100,100000,1000000,24.43,a81d770,4093.33,24.43,2022-03-28 09:52:25
1685,mysql,1,5,100000,1000000,371.09,a81d770,269.48,18.55,2022-03-28 09:58:55
1686,postgres,0,2000,100000,1000000,7.35,a81d770,13605.44,147.0,2022-03-28 10:00:18
1687,postgres,1,200,100000,1000000,10.2,a81d770,9803.92,20.4,2022-03-28 10:02:05
1688,mysql,1,100,100000,1000000,29.04,a81d770,3443.53,29.04,2022-03-28 10:02:53
1689,mysql,1,1000,100000,1000000,20.38,a81d770,4906.77,203.8,2022-03-28 10:03:33
1690,postgres,0,10,100000,1000000,46.25,a81d770,2162.16,4.63,2022-03-28 10:05:34
1691,postgres,0,200,100000,1000000,8.19,a81d770,12210.01,16.38,2022-03-28 10:06:57
1692,mysql,1,200,100000,1000000,26.3,a81d770,3802.28,52.6,2022-03-28 10:07:42
1693,mysql,0,25,100000,1000000,81.27,a81d770,1230.47,20.32,2022-03-28 10:09:09
1694,postgres,0,5,100000,1000000,88.71,a81d770,1127.27,4.44,2022-03-28 10:11:52
1695,mongodb,0,1500,100000,1000000,0.92,a81d770,108695.65,13.94,2022-03-28 10:12:04
1696,mysql,1,300,100000,1000000,21.26,a81d770,4703.67,63.84,2022-03-28 10:12:44
1697,mysql,1,50,100000,1000000,129.98,a81d770,769.35,64.99,2022-03-28 10:15:14
1698,mysql,0,10,100000,1000000,185.89,a81d770,537.95,18.59,2022-03-28 10:18:25
1699,mongodb,0,100,100000,1000000,1.73,a81d770,57803.47,1.73,2022-03-28 10:18:36
1700,postgres,1,2000,100000,1000000,9.65,a81d770,10362.69,193.0,2022-03-28 10:20:23
1701,mongodb,0,25,100000,1000000,3.68,a81d770,27173.91,0.92,2022-03-28 10:20:37
1702,postgres,1,100,100000,1000000,11.07,a81d770,9033.42,11.07,2022-03-28 10:22:26
1703,postgres,1,50,100000,1000000,15.76,a81d770,6345.18,7.88,2022-03-28 10:24:19
1704,postgres,1,2,100000,1000000,215.15,a81d770,464.79,4.3,2022-03-28 10:29:32
1705,mongodb,0,50,100000,1000000,2.2,a81d770,45454.55,1.1,2022-03-28 10:29:45
1706,mongodb,1,100,100000,1000000,3.13,a81d770,31948.88,3.13,2022-03-28 10:30:09
1707,mongodb,1,5,100000,1000000,14.24,a81d770,7022.47,0.71,2022-03-28 10:30:44
1708,mongodb,1,2000,100000,1000000,2.49,a81d770,40160.64,49.8,2022-03-28 10:31:07
1709,mysql,0,300,100000,1000000,10.48,a81d770,9541.98,31.47,2022-03-28 10:31:22
1710,mongodb,1,10,100000,1000000,8.13,a81d770,12300.12,0.81,2022-03-28 10:31:52
1711,mysql,0,2000,100000,1000000,3.75,a81d770,26666.67,75.0,2022-03-28 10:32:00
1712,postgres,1,5,100000,1000000,88.48,a81d770,1130.2,4.42,2022-03-28 10:35:06
1713,mongodb,1,300,100000,1000000,2.63,a81d770,38022.81,7.9,2022-03-28 10:35:30
1714,postgres,1,1500,100000,1000000,10.31,a81d770,9699.32,156.21,2022-03-28 10:37:18
1715,postgres,1,300,100000,1000000,10.0,a81d770,10000.0,30.03,2022-03-28 10:39:05
1716,mongodb,1,500,100000,1000000,2.49,a81d770,40160.64,12.45,2022-03-28 10:39:28
1717,mongodb,0,300,100000,1000000,1.23,a81d770,81300.81,3.69,2022-03-28 10:39:40
1718,mongodb,0,1000,100000,1000000,1.18,a81d770,84745.76,11.8,2022-03-28 10:39:51
1719,postgres,0,500,100000,1000000,8.45,a81d770,11834.32,42.25,2022-03-28 10:41:14
1720,mysql,1,10,100000,1000000,183.37,a81d770,545.35,18.34,2022-03-28 10:44:37
1721,mongodb,0,5,100000,1000000,13.19,a81d770,7581.5,0.66,2022-03-28 10:45:01
1722,mysql,0,5,100000,1000000,341.49,a81d770,292.83,17.07,2022-03-28 10:50:47
1723,postgres,1,1000,100000,1000000,9.78,a81d770,10224.95,97.8,2022-03-28 10:52:34
1724,mongodb,0,10,100000,1000000,7.05,a81d770,14184.4,0.71,2022-03-28 10:52:52
1725,mysql,1,2000,100000,1000000,19.89,a81d770,5027.65,397.8,2022-03-28 10:53:31
1726,mongodb,1,200,100000,1000000,2.92,a81d770,34246.58,5.84,2022-03-28 10:53:55
1727,postgres,0,100,100000,1000000,8.94,a81d770,11185.68,8.94,2022-03-28 10:55:19
1728,mysql,0,50,100000,1000000,125.57,a81d770,796.37,62.79,2022-03-28 10:57:29
1729,postgres,0,5,100000,1000000,87.69,a81d770,1140.38,4.38,2022-03-28 11:00:17
1730,postgres,0,1500,100000,1000000,7.3,a81d770,13698.63,110.61,2022-03-28 11:01:39
1731,mysql,1,10,100000,1000000,183.0,a81d770,546.45,18.3,2022-03-28 11:05:02
1732,postgres,1,25,100000,1000000,200.88,a81d770,497.81,50.22,2022-03-28 11:10:01
1733,postgres,0,500,100000,1000000,7.53,a81d770,13280.21,37.65,2022-03-28 11:11:24
1734,mysql,0,2,100000,1000000,761.72,a81d770,131.28,15.23,2022-03-28 11:24:11
1735,mysql,1,5,100000,1000000,351.34,a81d770,284.62,17.57,2022-03-28 11:30:22
1736,postgres,1,5,100000,1000000,89.29,a81d770,1119.95,4.46,2022-03-28 11:33:29
1737,mongodb,0,50,100000,1000000,2.56,a81d770,39062.5,1.28,2022-03-28 11:33:45
1738,mongodb,0,2,100000,1000000,30.98,a81d770,3227.89,0.62,2022-03-28 11:34:26
1739,mongodb,1,1000,100000,1000000,2.21,a81d770,45248.87,22.1,2022-03-28 11:34:50
1740,mongodb,0,5,100000,1000000,13.07,a81d770,7651.11,0.65,2022-03-28 11:35:13
1741,mysql,1,50,100000,1000000,127.01,a81d770,787.34,63.51,2022-03-28 11:37:40
1742,postgres,1,2,100000,1000000,215.58,a81d770,463.86,4.31,2022-03-28 11:42:54
1743,postgres,1,200,100000,1000000,10.06,a81d770,9940.36,20.12,2022-03-28 11:44:42
1744,mysql,1,1000,100000,1000000,20.43,a81d770,4894.76,204.3,2022-03-28 11:45:22
1745,mongodb,1,300,100000,1000000,2.44,a81d770,40983.61,7.33,2022-03-28 11:45:45
1746,mongodb,0,200,100000,1000000,1.38,a81d770,72463.77,2.76,2022-03-28 11:45:57
1747,postgres,0,2000,100000,1000000,7.22,a81d770,13850.42,144.4,2022-03-28 11:47:20
1748,postgres,0,50,100000,1000000,14.98,a81d770,6675.57,7.49,2022-03-28 11:48:51
1749,mysql,1,2000,100000,1000000,20.02,a81d770,4995.0,400.4,2022-03-28 11:49:30
1750,postgres,0,200,100000,1000000,8.08,a81d770,12376.24,16.16,2022-03-28 11:50:53
1751,mysql,0,100,100000,1000000,23.95,a81d770,4175.37,23.95,2022-03-28 11:51:22
1752,postgres,1,1500,100000,1000000,9.63,a81d770,10384.22,145.91,2022-03-28 11:53:09
1753,mongodb,1,500,100000,1000000,2.43,a81d770,41152.26,12.15,2022-03-28 11:53:32
1754,mongodb,1,2,100000,1000000,32.14,a81d770,3111.39,0.64,2022-03-28 11:54:24
1755,mongodb,0,10,100000,1000000,7.33,a81d770,13642.56,0.73,2022-03-28 11:54:42
1756,mysql,0,1500,100000,1000000,4.22,a81d770,23696.68,63.94,2022-03-28 11:54:52
1757,mongodb,1,1500,100000,1000000,2.2,a81d770,45454.55,33.33,2022-03-28 11:55:14
1758,mysql,0,50,100000,1000000,125.36,a81d770,797.7,62.68,2022-03-28 11:57:24
1759,mongodb,0,100,100000,1000000,1.52,a81d770,65789.47,1.52,2022-03-28 11:57:37
1760,mysql,1,2,100000,1000000,809.26,a81d770,123.57,16.19,2022-03-28 12:11:25
1761,mongodb,0,1000,100000,1000000,1.1,a81d770,90909.09,11.0,2022-03-28 12:11:37
1762,postgres,0,300,100000,1000000,7.49,a81d770,13351.13,22.49,2022-03-28 12:13:00
1763,mongodb,0,1500,100000,1000000,1.01,a81d770,99009.9,15.3,2022-03-28 12:13:11
1764,postgres,1,1000,100000,1000000,9.86,a81d770,10141.99,98.6,2022-03-28 12:14:59
1765,postgres,1,500,100000,1000000,9.94,a81d770,10060.36,49.7,2022-03-28 12:16:46
1766,postgres,1,2000,100000,1000000,9.62,a81d770,10395.01,192.4,2022-03-28 12:18:34
1767,postgres,1,50,100000,1000000,15.93,a81d770,6277.46,7.97,2022-03-28 12:20:28
1768,postgres,0,1000,100000,1000000,7.49,a81d770,13351.13,74.9,2022-03-28 12:21:50
1769,mysql,0,300,100000,1000000,10.26,a81d770,9746.59,30.81,2022-03-28 12:22:05
1770,mongodb,1,10,100000,1000000,8.07,a81d770,12391.57,0.81,2022-03-28 12:22:34
1771,mysql,1,25,100000,1000000,77.98,a81d770,1282.38,19.5,2022-03-28 12:24:12
1772,mysql,1,200,100000,1000000,26.4,a81d770,3787.88,52.8,2022-03-28 12:24:57
1773,postgres,0,2,100000,1000000,215.5,a81d770,464.04,4.31,2022-03-28 12:29:49
1774,postgres,1,300,100000,1000000,9.93,a81d770,10070.49,29.82,2022-03-28 12:31:37
1775,postgres,0,25,100000,1000000,200.2,a81d770,499.5,50.05,2022-03-28 12:36:12
1776,mysql,0,5,100000,1000000,353.42,a81d770,282.95,17.67,2022-03-28 12:42:11
1777,mysql,0,2000,100000,1000000,3.86,a81d770,25906.74,77.2,2022-03-28 12:42:19
1778,mysql,0,1000,100000,1000000,4.89,a81d770,20449.9,48.9,2022-03-28 12:42:29
1779,postgres,0,100,100000,1000000,8.91,a81d770,11223.34,8.91,2022-03-28 12:43:53
1780,mongodb,0,300,100000,1000000,1.24,a81d770,80645.16,3.72,2022-03-28 12:44:05
1781,mongodb,1,5,100000,1000000,14.06,a81d770,7112.38,0.7,2022-03-28 12:44:40
1782,mysql,0,10,100000,1000000,176.81,a81d770,565.58,17.68,2022-03-28 12:47:42
1783,mysql,0,200,100000,1000000,19.38,a81d770,5159.96,38.76,2022-03-28 12:48:06
1784,postgres,0,10,100000,1000000,44.79,a81d770,2232.64,4.48,2022-03-28 12:50:05
1785,postgres,1,10,100000,1000000,45.97,a81d770,2175.33,4.6,2022-03-28 12:52:30
1786,mongodb,0,500,100000,1000000,1.12,a81d770,89285.71,5.6,2022-03-28 12:52:42
1787,mysql,1,300,100000,1000000,21.46,a81d770,4659.83,64.44,2022-03-28 12:53:22
1788,postgres,1,100,100000,1000000,11.4,a81d770,8771.93,11.4,2022-03-28 12:55:10
1789,mongodb,1,2000,100000,1000000,2.39,a81d770,41841.0,47.8,2022-03-28 12:55:33
1790,mongodb,1,25,100000,1000000,4.81,a81d770,20790.02,1.2,2022-03-28 12:55:59
1791,mysql,0,25,100000,1000000,73.26,a81d770,1365.0,18.32,2022-03-28 12:57:17
1792,mongodb,1,200,100000,1000000,2.91,a81d770,34364.26,5.82,2022-03-28 12:57:41
1793,mysql,1,500,100000,1000000,20.7,a81d770,4830.92,103.5,2022-03-28 12:58:21
1794,mysql,1,1500,100000,1000000,20.27,a81d770,4933.4,307.12,2022-03-28 12:59:01
1795,mysql,0,500,100000,1000000,7.7,a81d770,12987.01,38.5,2022-03-28 12:59:13
1796,mongodb,0,2000,100000,1000000,0.93,a81d770,107526.88,18.6,2022-03-28 12:59:25
1797,mysql,1,100,100000,1000000,30.13,a81d770,3318.95,30.13,2022-03-28 13:00:15
1798,mongodb,1,50,100000,1000000,3.46,a81d770,28901.73,1.73,2022-03-28 13:00:39
1799,mongodb,0,25,100000,1000000,3.47,a81d770,28818.44,0.87,2022-03-28 13:00:53
1800,mongodb,1,100,100000,1000000,2.95,a81d770,33898.31,2.95,2022-03-28 13:01:17
1801,mysql,0,1500,100000,1000000,4.02,a81d770,24875.62,60.91,2022-03-28 13:01:32
1802,postgres,0,300,100000,1000000,7.54,a81d770,13262.6,22.64,2022-03-28 13:02:55
1803,mysql,1,1500,100000,1000000,20.27,a81d770,4933.4,307.12,2022-03-28 13:03:35
1804,postgres,0,25,100000,1000000,200.26,a81d770,499.35,50.07,2022-03-28 13:08:10
1805,postgres,1,500,100000,1000000,9.66,a81d770,10351.97,48.3,2022-03-28 13:09:57
1806,postgres,1,50,100000,1000000,15.08,a81d770,6631.3,7.54,2022-03-28 13:11:50
1807,mongodb,1,2000,100000,1000000,2.31,a81d770,43290.04,46.2,2022-03-28 13:12:15
1808,mysql,0,500,100000,1000000,7.48,a81d770,13368.98,37.4,2022-03-28 13:12:27
1809,postgres,0,2,100000,1000000,216.29,a81d770,462.34,4.33,2022-03-28 13:17:19
1810,mongodb,1,100,100000,1000000,3.25,a81d770,30769.23,3.25,2022-03-28 13:17:43
1811,mysql,1,100,100000,1000000,29.12,a81d770,3434.07,29.12,2022-03-28 13:18:32
1812,mysql,0,100,100000,1000000,23.99,a81d770,4168.4,23.99,2022-03-28 13:19:01
1813,mysql,1,10,100000,1000000,198.2,a81d770,504.54,19.82,2022-03-28 13:22:38
1814,mongodb,1,5,100000,1000000,14.39,a81d770,6949.27,0.72,2022-03-28 13:23:13
1815,postgres,1,1000,100000,1000000,9.68,a81d770,10330.58,96.8,2022-03-28 13:25:01
1816,mysql,0,10,100000,1000000,176.02,a81d770,568.12,17.6,2022-03-28 13:28:02
1817,mongodb,1,300,100000,1000000,2.63,a81d770,38022.81,7.9,2022-03-28 13:28:25
1818,mongodb,0,25,100000,1000000,3.61,a81d770,27700.83,0.9,2022-03-28 13:28:40
1819,mongodb,0,2,100000,1000000,31.32,a81d770,3192.85,0.63,2022-03-28 13:29:22
1820,mongodb,0,50,100000,1000000,2.25,a81d770,44444.44,1.13,2022-03-28 13:29:34
1821,mysql,0,2000,100000,1000000,3.93,a81d770,25445.29,78.6,2022-03-28 13:29:43
1822,postgres,0,2000,100000,1000000,7.46,a81d770,13404.83,149.2,2022-03-28 13:31:05
1823,mysql,1,200,100000,1000000,26.86,a81d770,3723.01,53.72,2022-03-28 13:31:51
1824,mysql,0,5,100000,1000000,359.95,a81d770,277.82,18.0,2022-03-28 13:37:56
1825,mysql,0,300,100000,1000000,10.96,a81d770,9124.09,32.91,2022-03-28 13:38:12
1826,mysql,0,1000,100000,1000000,5.01,a81d770,19960.08,50.1,2022-03-28 13:38:22
1827,mongodb,0,1000,100000,1000000,1.1,a81d770,90909.09,11.0,2022-03-28 13:38:34
1828,mongodb,0,500,100000,1000000,1.14,a81d770,87719.3,5.7,2022-03-28 13:38:46
1829,mysql,1,300,100000,1000000,21.64,a81d770,4621.07,64.98,2022-03-28 13:39:27
1830,postgres,1,25,100000,1000000,200.61,a81d770,498.48,50.15,2022-03-28 13:44:26
1831,mysql,1,5,100000,1000000,366.42,a81d770,272.91,18.32,2022-03-28 13:50:52
1832,postgres,1,100,100000,1000000,11.4,a81d770,8771.93,11.4,2022-03-28 13:52:42
1833,mysql,1,2,100000,1000000,811.03,a81d770,123.3,16.22,2022-03-28 14:06:33
1834,postgres,1,5,100000,1000000,89.61,a81d770,1115.95,4.48,2022-03-28 14:09:40
1835,postgres,0,5,100000,1000000,88.34,a81d770,1131.99,4.42,2022-03-28 14:12:24
1836,mongodb,1,1000,100000,1000000,2.53,a81d770,39525.69,25.3,2022-03-28 14:12:48
1837,mysql,1,2000,100000,1000000,20.3,a81d770,4926.11,406.0,2022-03-28 14:13:28
1838,postgres,0,1000,100000,1000000,7.55,a81d770,13245.03,75.5,2022-03-28 14:14:52
1839,mysql,1,50,100000,1000000,129.24,a81d770,773.75,64.62,2022-03-28 14:17:21
1840,mongodb,0,10,100000,1000000,7.64,a81d770,13089.01,0.76,2022-03-28 14:17:39
1841,mongodb,1,2,100000,1000000,33.03,a81d770,3027.55,0.66,2022-03-28 14:18:34
1842,postgres,0,500,100000,1000000,7.65,a81d770,13071.9,38.25,2022-03-28 14:19:59
1843,postgres,1,10,100000,1000000,46.79,a81d770,2137.21,4.68,2022-03-28 14:22:24
1844,postgres,0,10,100000,1000000,45.77,a81d770,2184.84,4.58,2022-03-28 14:24:26
1845,postgres,0,200,100000,1000000,8.19,a81d770,12210.01,16.38,2022-03-28 14:25:50
1846,mysql,0,50,100000,1000000,123.31,a81d770,810.96,61.66,2022-03-28 14:27:58
1847,postgres,1,2,100000,1000000,216.57,a81d770,461.74,4.33,2022-03-28 14:33:13
1848,postgres,1,1500,100000,1000000,9.78,a81d770,10224.95,148.18,2022-03-28 14:35:02
1849,mongodb,1,1500,100000,1000000,2.39,a81d770,41841.0,36.21,2022-03-28 14:35:26
1850,mongodb,0,100,100000,1000000,1.73,a81d770,57803.47,1.73,2022-03-28 14:35:39
1851,postgres,1,300,100000,1000000,10.64,a81d770,9398.5,31.95,2022-03-28 14:37:27
1852,mongodb,1,200,100000,1000000,2.64,a81d770,37878.79,5.28,2022-03-28 14:37:51
1853,mongodb,0,300,100000,1000000,1.34,a81d770,74626.87,4.02,2022-03-28 14:38:03
1854,postgres,0,100,100000,1000000,9.25,a81d770,10810.81,9.25,2022-03-28 14:39:29
1855,mongodb,0,1500,100000,1000000,1.15,a81d770,86956.52,17.42,2022-03-28 14:39:41
1856,mongodb,0,200,100000,1000000,1.34,a81d770,74626.87,2.68,2022-03-28 14:39:52
1857,mysql,0,2,100000,1000000,758.48,a81d770,131.84,15.17,2022-03-28 14:52:36
1858,mysql,0,200,100000,1000000,17.84,a81d770,5605.38,35.68,2022-03-28 14:52:59
1859,mysql,1,1000,100000,1000000,20.32,a81d770,4921.26,203.2,2022-03-28 14:53:39
1860,mongodb,1,25,100000,1000000,4.66,a81d770,21459.23,1.17,2022-03-28 14:54:04
1861,postgres,1,200,100000,1000000,9.96,a81d770,10040.16,19.92,2022-03-28 14:55:51
1862,mongodb,0,2000,100000,1000000,0.99,a81d770,101010.1,19.8,2022-03-28 14:56:02
1863,mongodb,1,10,100000,1000000,7.87,a81d770,12706.48,0.79,2022-03-28 14:56:31
1864,postgres,1,2000,100000,1000000,10.46,a81d770,9560.23,209.2,2022-03-28 14:58:20
1865,postgres,0,1500,100000,1000000,7.57,a81d770,13210.04,114.7,2022-03-28 14:59:43
1866,mysql,1,25,100000,1000000,79.99,a81d770,1250.16,20.0,2022-03-28 15:01:22
1867,postgres,0,50,100000,1000000,15.48,a81d770,6459.95,7.74,2022-03-28 15:02:53
1868,mysql,1,500,100000,1000000,20.77,a81d770,4814.64,103.85,2022-03-28 15:03:33
1869,mongodb,0,5,100000,1000000,13.15,a81d770,7604.56,0.66,2022-03-28 15:03:56
1870,mongodb,1,50,100000,1000000,3.52,a81d770,28409.09,1.76,2022-03-28 15:04:20
1871,mysql,0,25,100000,1000000,74.32,a81d770,1345.53,18.58,2022-03-28 15:05:39
1872,mongodb,1,500,100000,1000000,2.51,a81d770,39840.64,12.55,2022-03-28 15:06:02
